timestamp, index, name, memory.used [MiB], memory.total [MiB], utilization.gpu [%]
2026/08/26 21:18:34.500, 0, NVIDIA H100 NVL, 11620 MiB, 95830 MiB, [N/A]
2026/08/26 21:18:44.507, 0, NVIDIA H100 NVL, 14060 MiB, 95830 MiB, [N/A]
2026/08/26 21:18:54.508, 0, NVIDIA H100 NVL, 14068 MiB, 95830 MiB, [N/A]
2026/08/26 21:19:04.510, 0, NVIDIA H100 NVL, 14096 MiB, 95830 MiB, [N/A]
2026/08/26 21:19:14.512, 0, NVIDIA H100 NVL, 49796 MiB, 95830 MiB, [N/A]
2026/08/26 21:19:24.514, 0, NVIDIA H100 NVL, 49816 MiB, 95830 MiB, [N/A]
2026/08/26 21:19:34.516, 0, NVIDIA H100 NVL, 49816 MiB, 95830 MiB, [N/A]
2026/08/26 21:19:44.517, 0, NVIDIA H100 NVL, 49816 MiB, 95830 MiB, [N/A]
2026/08/26 21:19:54.519, 0, NVIDIA H100 NVL, 49816 MiB, 95830 MiB, [N/A]
2026/08/26 21:20:04.521, 0, NVIDIA H100 NVL, 49816 MiB, 95830 MiB, [N/A]
2026/08/26 21:20:14.522, 0, NVIDIA H100 NVL, 49816 MiB, 95830 MiB, [N/A]
2026/08/26 21:20:24.524, 0, NVIDIA H100 NVL, 49816 MiB, 95830 MiB, [N/A]
2026/08/26 21:20:34.525, 0, NVIDIA H100 NVL, 49816 MiB, 95830 MiB, [N/A]
2026/08/26 21:20:44.527, 0, NVIDIA H100 NVL, 49816 MiB, 95830 MiB, [N/A]
2026/08/26 21:20:54.529, 0, NVIDIA H100 NVL, 49816 MiB, 95830 MiB, [N/A]
2026/08/26 21:21:04.530, 0, NVIDIA H100 NVL, 49816 MiB, 95830 MiB, [N/A]
2026/08/26 21:21:14.532, 0, NVIDIA H100 NVL, 49816 MiB, 95830 MiB, [N/A]
2026/08/26 21:21:24.533, 0, NVIDIA H100 NVL, 49816 MiB, 95830 MiB, [N/A]
2026/08/26 21:21:34.535, 0, NVIDIA H100 NVL, 49816 MiB, 95830 MiB, [N/A]
2026/08/26 21:21:44.536, 0, NVIDIA H100 NVL, 49816 MiB, 95830 MiB, [N/A]
2026/08/26 21:21:54.538, 0, NVIDIA H100 NVL, 49816 MiB, 95830 MiB, [N/A]
2026/08/26 21:22:04.540, 0, NVIDIA H100 NVL, 49816 MiB, 95830 MiB, [N/A]
2026/08/26 21:22:14.541, 0, NVIDIA H100 NVL, 49816 MiB, 95830 MiB, [N/A]
2026/08/26 21:22:24.543, 0, NVIDIA H100 NVL, 49816 MiB, 95830 MiB, [N/A]
2026/08/26 21:22:34.545, 0, NVIDIA H100 NVL, 49816 MiB, 95830 MiB, [N/A]
2026/08/26 21:22:44.546, 0, NVIDIA H100 NVL, 49816 MiB, 95830 MiB, [N/A]
2026/08/26 21:22:54.548, 0, NVIDIA H100 NVL, 49816 MiB, 95830 MiB, [N/A]
2026/08/26 21:23:04.549, 0, NVIDIA H100 NVL, 38287 MiB, 95830 MiB, [N/A]
2026/08/26 21:23:14.551, 0, NVIDIA H100 NVL, 43168 MiB, 95830 MiB, [N/A]
2026/08/26 21:23:24.552, 0, NVIDIA H100 NVL, 46554 MiB, 95830 MiB, [N/A]
2026/08/26 21:23:34.554, 0, NVIDIA H100 NVL, 80698 MiB, 95830 MiB, [N/A]
2026/08/26 21:23:44.556, 0, NVIDIA H100 NVL, 80698 MiB, 95830 MiB, [N/A]
2026/08/26 21:23:54.558, 0, NVIDIA H100 NVL, 60574 MiB, 95830 MiB, [N/A]
2026/08/26 21:24:04.559, 0, NVIDIA H100 NVL, 60574 MiB, 95830 MiB, [N/A]
2026/08/26 21:24:14.561, 0, NVIDIA H100 NVL, 60574 MiB, 95830 MiB, [N/A]
2026/08/26 21:24:24.563, 0, NVIDIA H100 NVL, 60574 MiB, 95830 MiB, [N/A]
2026/08/26 21:24:34.564, 0, NVIDIA H100 NVL, 60574 MiB, 95830 MiB, [N/A]
2026/08/26 21:24:44.566, 0, NVIDIA H100 NVL, 60574 MiB, 95830 MiB, [N/A]
2026/08/26 21:24:54.567, 0, NVIDIA H100 NVL, 60574 MiB, 95830 MiB, [N/A]
2026/08/26 21:25:04.569, 0, NVIDIA H100 NVL, 60574 MiB, 95830 MiB, [N/A]
2026/08/26 21:25:14.570, 0, NVIDIA H100 NVL, 60574 MiB, 95830 MiB, [N/A]
2026/08/26 21:25:24.572, 0, NVIDIA H100 NVL, 60574 MiB, 95830 MiB, [N/A]
2026/08/26 21:25:34.574, 0, NVIDIA H100 NVL, 60574 MiB, 95830 MiB, [N/A]
2026/08/26 21:25:44.576, 0, NVIDIA H100 NVL, 60574 MiB, 95830 MiB, [N/A]
2026/08/26 21:25:54.577, 0, NVIDIA H100 NVL, 60574 MiB, 95830 MiB, [N/A]
2026/08/26 21:26:04.579, 0, NVIDIA H100 NVL, 60574 MiB, 95830 MiB, [N/A]
2026/08/26 21:26:14.581, 0, NVIDIA H100 NVL, 60574 MiB, 95830 MiB, [N/A]
2026/08/26 21:26:24.582, 0, NVIDIA H100 NVL, 60574 MiB, 95830 MiB, [N/A]
2026/08/26 21:26:34.584, 0, NVIDIA H100 NVL, 60574 MiB, 95830 MiB, [N/A]
2026/08/26 21:26:44.586, 0, NVIDIA H100 NVL, 60574 MiB, 95830 MiB, [N/A]
2026/08/26 21:26:54.588, 0, NVIDIA H100 NVL, 60574 MiB, 95830 MiB, [N/A]
2026/08/26 21:27:04.589, 0, NVIDIA H100 NVL, 60576 MiB, 95830 MiB, [N/A]
2026/08/26 21:27:14.591, 0, NVIDIA H100 NVL, 60576 MiB, 95830 MiB, [N/A]
2026/08/26 21:27:24.593, 0, NVIDIA H100 NVL, 60576 MiB, 95830 MiB, [N/A]
2026/08/26 21:27:34.594, 0, NVIDIA H100 NVL, 60576 MiB, 95830 MiB, [N/A]
2026/08/26 21:27:44.596, 0, NVIDIA H100 NVL, 60576 MiB, 95830 MiB, [N/A]
2026/08/26 21:27:54.598, 0, NVIDIA H100 NVL, 60576 MiB, 95830 MiB, [N/A]
2026/08/26 21:28:04.599, 0, NVIDIA H100 NVL, 60576 MiB, 95830 MiB, [N/A]
2026/08/26 21:28:14.601, 0, NVIDIA H100 NVL, 60576 MiB, 95830 MiB, [N/A]
2026/08/26 21:28:24.602, 0, NVIDIA H100 NVL, 60576 MiB, 95830 MiB, [N/A]
2026/08/26 21:28:34.604, 0, NVIDIA H100 NVL, 60576 MiB, 95830 MiB, [N/A]
2026/08/26 21:28:44.606, 0, NVIDIA H100 NVL, 60576 MiB, 95830 MiB, [N/A]
2026/08/26 21:28:54.607, 0, NVIDIA H100 NVL, 60576 MiB, 95830 MiB, [N/A]
2026/08/26 21:29:04.609, 0, NVIDIA H100 NVL, 60576 MiB, 95830 MiB, [N/A]
2026/08/26 21:29:14.610, 0, NVIDIA H100 NVL, 60576 MiB, 95830 MiB, [N/A]
2026/08/26 21:29:24.612, 0, NVIDIA H100 NVL, 60576 MiB, 95830 MiB, [N/A]
2026/08/26 21:29:34.613, 0, NVIDIA H100 NVL, 60576 MiB, 95830 MiB, [N/A]
2026/08/26 21:29:44.615, 0, NVIDIA H100 NVL, 60576 MiB, 95830 MiB, [N/A]
2026/08/26 21:29:54.617, 0, NVIDIA H100 NVL, 60576 MiB, 95830 MiB, [N/A]
2026/08/26 21:30:04.618, 0, NVIDIA H100 NVL, 60576 MiB, 95830 MiB, [N/A]
2026/08/26 21:30:14.620, 0, NVIDIA H100 NVL, 60576 MiB, 95830 MiB, [N/A]
2026/08/26 21:30:24.621, 0, NVIDIA H100 NVL, 60576 MiB, 95830 MiB, [N/A]
2026/08/26 21:30:34.622, 0, NVIDIA H100 NVL, 60576 MiB, 95830 MiB, [N/A]
2026/08/26 21:30:44.624, 0, NVIDIA H100 NVL, 38285 MiB, 95830 MiB, [N/A]
2026/08/26 21:30:54.625, 0, NVIDIA H100 NVL, 38285 MiB, 95830 MiB, [N/A]
2026/08/26 21:31:04.627, 0, NVIDIA H100 NVL, 38285 MiB, 95830 MiB, [N/A]
2026/08/26 21:31:14.629, 0, NVIDIA H100 NVL, 38285 MiB, 95830 MiB, [N/A]
2026/08/26 21:31:24.631, 0, NVIDIA H100 NVL, 38285 MiB, 95830 MiB, [N/A]
2026/08/26 21:31:34.632, 0, NVIDIA H100 NVL, 38285 MiB, 95830 MiB, [N/A]
2026/08/26 21:31:44.633, 0, NVIDIA H100 NVL, 38285 MiB, 95830 MiB, [N/A]
2026/08/26 21:31:54.635, 0, NVIDIA H100 NVL, 38285 MiB, 95830 MiB, [N/A]
2026/08/26 21:32:04.636, 0, NVIDIA H100 NVL, 38285 MiB, 95830 MiB, [N/A]
2026/08/26 21:32:14.638, 0, NVIDIA H100 NVL, 38285 MiB, 95830 MiB, [N/A]
2026/08/26 21:32:24.639, 0, NVIDIA H100 NVL, 38285 MiB, 95830 MiB, [N/A]
2026/08/26 21:32:34.641, 0, NVIDIA H100 NVL, 38285 MiB, 95830 MiB, [N/A]
2026/08/26 21:32:44.643, 0, NVIDIA H100 NVL, 38285 MiB, 95830 MiB, [N/A]
2026/08/26 21:32:54.644, 0, NVIDIA H100 NVL, 38285 MiB, 95830 MiB, [N/A]
2026/08/26 21:33:04.645, 0, NVIDIA H100 NVL, 38285 MiB, 95830 MiB, [N/A]
2026/08/26 21:33:14.646, 0, NVIDIA H100 NVL, 38285 MiB, 95830 MiB, [N/A]
2026/08/26 21:33:24.648, 0, NVIDIA H100 NVL, 38285 MiB, 95830 MiB, [N/A]
2026/08/26 21:33:34.650, 0, NVIDIA H100 NVL, 38285 MiB, 95830 MiB, [N/A]
2026/08/26 21:33:44.651, 0, NVIDIA H100 NVL, 38285 MiB, 95830 MiB, [N/A]
2026/08/26 21:33:54.653, 0, NVIDIA H100 NVL, 38285 MiB, 95830 MiB, [N/A]
2026/08/26 21:34:04.655, 0, NVIDIA H100 NVL, 38285 MiB, 95830 MiB, [N/A]
2026/08/26 21:34:14.656, 0, NVIDIA H100 NVL, 38285 MiB, 95830 MiB, [N/A]
2026/08/26 21:34:24.658, 0, NVIDIA H100 NVL, 38285 MiB, 95830 MiB, [N/A]
2026/08/26 21:34:34.659, 0, NVIDIA H100 NVL, 38285 MiB, 95830 MiB, [N/A]
2026/08/26 21:34:44.661, 0, NVIDIA H100 NVL, 38285 MiB, 95830 MiB, [N/A]
2026/08/26 21:34:54.663, 0, NVIDIA H100 NVL, 38285 MiB, 95830 MiB, [N/A]
2026/08/26 21:35:04.665, 0, NVIDIA H100 NVL, 38285 MiB, 95830 MiB, [N/A]
2026/08/26 21:35:14.667, 0, NVIDIA H100 NVL, 38285 MiB, 95830 MiB, [N/A]
2026/08/26 21:35:24.668, 0, NVIDIA H100 NVL, 38285 MiB, 95830 MiB, [N/A]
2026/08/26 21:35:34.670, 0, NVIDIA H100 NVL, 38285 MiB, 95830 MiB, [N/A]
2026/08/26 21:35:44.671, 0, NVIDIA H100 NVL, 38285 MiB, 95830 MiB, [N/A]
2026/08/26 21:35:54.673, 0, NVIDIA H100 NVL, 38285 MiB, 95830 MiB, [N/A]
2026/08/26 21:36:04.674, 0, NVIDIA H100 NVL, 38285 MiB, 95830 MiB, [N/A]
2026/08/26 21:36:14.675, 0, NVIDIA H100 NVL, 38285 MiB, 95830 MiB, [N/A]
2026/08/26 21:36:24.677, 0, NVIDIA H100 NVL, 38285 MiB, 95830 MiB, [N/A]
2026/08/26 21:36:34.679, 0, NVIDIA H100 NVL, 38285 MiB, 95830 MiB, [N/A]
2026/08/26 21:36:44.680, 0, NVIDIA H100 NVL, 38285 MiB, 95830 MiB, [N/A]
2026/08/26 21:36:54.682, 0, NVIDIA H100 NVL, 38285 MiB, 95830 MiB, [N/A]
2026/08/26 21:37:04.684, 0, NVIDIA H100 NVL, 38285 MiB, 95830 MiB, [N/A]
2026/08/26 21:37:14.685, 0, NVIDIA H100 NVL, 38285 MiB, 95830 MiB, [N/A]
2026/08/26 21:37:24.687, 0, NVIDIA H100 NVL, 38285 MiB, 95830 MiB, [N/A]
2026/08/26 21:37:34.688, 0, NVIDIA H100 NVL, 38285 MiB, 95830 MiB, [N/A]
2026/08/26 21:37:44.690, 0, NVIDIA H100 NVL, 38285 MiB, 95830 MiB, [N/A]
2026/08/26 21:37:54.691, 0, NVIDIA H100 NVL, 38285 MiB, 95830 MiB, [N/A]
2026/08/26 21:38:04.693, 0, NVIDIA H100 NVL, 38285 MiB, 95830 MiB, [N/A]
2026/08/26 21:38:14.695, 0, NVIDIA H100 NVL, 38285 MiB, 95830 MiB, [N/A]
2026/08/26 21:38:24.696, 0, NVIDIA H100 NVL, 38285 MiB, 95830 MiB, [N/A]
2026/08/26 21:38:34.698, 0, NVIDIA H100 NVL, 38285 MiB, 95830 MiB, [N/A]
2026/08/26 21:38:44.699, 0, NVIDIA H100 NVL, 38285 MiB, 95830 MiB, [N/A]
2026/08/26 21:38:54.701, 0, NVIDIA H100 NVL, 38285 MiB, 95830 MiB, [N/A]
2026/08/26 21:39:04.703, 0, NVIDIA H100 NVL, 38285 MiB, 95830 MiB, [N/A]
2026/08/26 21:39:14.704, 0, NVIDIA H100 NVL, 38285 MiB, 95830 MiB, [N/A]
2026/08/26 21:39:24.706, 0, NVIDIA H100 NVL, 38285 MiB, 95830 MiB, [N/A]
2026/08/26 21:39:34.708, 0, NVIDIA H100 NVL, 38285 MiB, 95830 MiB, [N/A]
2026/08/26 21:39:44.709, 0, NVIDIA H100 NVL, 38285 MiB, 95830 MiB, [N/A]
2026/08/26 21:39:54.711, 0, NVIDIA H100 NVL, 38285 MiB, 95830 MiB, [N/A]
2026/08/26 21:40:04.712, 0, NVIDIA H100 NVL, 38285 MiB, 95830 MiB, [N/A]
2026/08/26 21:40:14.714, 0, NVIDIA H100 NVL, 38285 MiB, 95830 MiB, [N/A]
2026/08/26 21:40:24.716, 0, NVIDIA H100 NVL, 38285 MiB, 95830 MiB, [N/A]
2026/08/26 21:40:34.718, 0, NVIDIA H100 NVL, 38285 MiB, 95830 MiB, [N/A]
2026/08/26 21:40:44.719, 0, NVIDIA H100 NVL, 38285 MiB, 95830 MiB, [N/A]
2026/08/26 21:40:54.721, 0, NVIDIA H100 NVL, 38285 MiB, 95830 MiB, [N/A]
2026/08/26 21:41:04.723, 0, NVIDIA H100 NVL, 38285 MiB, 95830 MiB, [N/A]
2026/08/26 21:41:14.724, 0, NVIDIA H100 NVL, 38285 MiB, 95830 MiB, [N/A]
2026/08/26 21:41:24.726, 0, NVIDIA H100 NVL, 38285 MiB, 95830 MiB, [N/A]
2026/08/26 21:41:34.728, 0, NVIDIA H100 NVL, 38285 MiB, 95830 MiB, [N/A]
2026/08/26 21:41:44.730, 0, NVIDIA H100 NVL, 38285 MiB, 95830 MiB, [N/A]
2026/08/26 21:41:54.731, 0, NVIDIA H100 NVL, 38285 MiB, 95830 MiB, [N/A]
2026/08/26 21:42:04.733, 0, NVIDIA H100 NVL, 38285 MiB, 95830 MiB, [N/A]
2026/08/26 21:42:14.735, 0, NVIDIA H100 NVL, 38285 MiB, 95830 MiB, [N/A]
2026/08/26 21:42:24.736, 0, NVIDIA H100 NVL, 38285 MiB, 95830 MiB, [N/A]
2026/08/26 21:42:34.738, 0, NVIDIA H100 NVL, 38285 MiB, 95830 MiB, [N/A]
2026/08/26 21:42:44.739, 0, NVIDIA H100 NVL, 38285 MiB, 95830 MiB, [N/A]
2026/08/26 21:42:54.741, 0, NVIDIA H100 NVL, 38285 MiB, 95830 MiB, [N/A]
2026/08/26 21:43:04.742, 0, NVIDIA H100 NVL, 38285 MiB, 95830 MiB, [N/A]
2026/08/26 21:43:14.744, 0, NVIDIA H100 NVL, 38285 MiB, 95830 MiB, [N/A]
2026/08/26 21:43:24.745, 0, NVIDIA H100 NVL, 38285 MiB, 95830 MiB, [N/A]
2026/08/26 21:43:34.747, 0, NVIDIA H100 NVL, 38285 MiB, 95830 MiB, [N/A]
2026/08/26 21:43:44.748, 0, NVIDIA H100 NVL, 38285 MiB, 95830 MiB, [N/A]
2026/08/26 21:43:54.750, 0, NVIDIA H100 NVL, 38285 MiB, 95830 MiB, [N/A]
2026/08/26 21:44:04.752, 0, NVIDIA H100 NVL, 38285 MiB, 95830 MiB, [N/A]
2026/08/26 21:44:14.753, 0, NVIDIA H100 NVL, 38285 MiB, 95830 MiB, [N/A]
2026/08/26 21:44:24.755, 0, NVIDIA H100 NVL, 38285 MiB, 95830 MiB, [N/A]
2026/08/26 21:44:34.757, 0, NVIDIA H100 NVL, 38285 MiB, 95830 MiB, [N/A]
2026/08/26 21:44:44.758, 0, NVIDIA H100 NVL, 38285 MiB, 95830 MiB, [N/A]
2026/08/26 21:44:54.760, 0, NVIDIA H100 NVL, 38285 MiB, 95830 MiB, [N/A]
2026/08/26 21:45:04.761, 0, NVIDIA H100 NVL, 38285 MiB, 95830 MiB, [N/A]
2026/08/26 21:45:14.762, 0, NVIDIA H100 NVL, 38285 MiB, 95830 MiB, [N/A]
2026/08/26 21:45:24.764, 0, NVIDIA H100 NVL, 38285 MiB, 95830 MiB, [N/A]
2026/08/26 21:45:34.765, 0, NVIDIA H100 NVL, 38285 MiB, 95830 MiB, [N/A]
2026/08/26 21:45:44.767, 0, NVIDIA H100 NVL, 38285 MiB, 95830 MiB, [N/A]
2026/08/26 21:45:54.769, 0, NVIDIA H100 NVL, 38285 MiB, 95830 MiB, [N/A]
2026/08/26 21:46:04.770, 0, NVIDIA H100 NVL, 38285 MiB, 95830 MiB, [N/A]
2026/08/26 21:46:14.772, 0, NVIDIA H100 NVL, 38285 MiB, 95830 MiB, [N/A]
2026/08/26 21:46:24.773, 0, NVIDIA H100 NVL, 38285 MiB, 95830 MiB, [N/A]
2026/08/26 21:46:34.775, 0, NVIDIA H100 NVL, 38285 MiB, 95830 MiB, [N/A]
2026/08/26 21:46:44.777, 0, NVIDIA H100 NVL, 38285 MiB, 95830 MiB, [N/A]
2026/08/26 21:46:54.778, 0, NVIDIA H100 NVL, 38285 MiB, 95830 MiB, [N/A]
2026/08/26 21:47:04.780, 0, NVIDIA H100 NVL, 38285 MiB, 95830 MiB, [N/A]
2026/08/26 21:47:14.782, 0, NVIDIA H100 NVL, 38285 MiB, 95830 MiB, [N/A]
2026/08/26 21:47:24.783, 0, NVIDIA H100 NVL, 38285 MiB, 95830 MiB, [N/A]
2026/08/26 21:47:34.785, 0, NVIDIA H100 NVL, 38285 MiB, 95830 MiB, [N/A]
2026/08/26 21:47:44.786, 0, NVIDIA H100 NVL, 38285 MiB, 95830 MiB, [N/A]
2026/08/26 21:47:54.788, 0, NVIDIA H100 NVL, 38285 MiB, 95830 MiB, [N/A]
2026/08/26 21:48:04.790, 0, NVIDIA H100 NVL, 38285 MiB, 95830 MiB, [N/A]
2026/08/26 21:48:14.791, 0, NVIDIA H100 NVL, 38285 MiB, 95830 MiB, [N/A]
2026/08/26 21:48:24.792, 0, NVIDIA H100 NVL, 38285 MiB, 95830 MiB, [N/A]
2026/08/26 21:48:34.793, 0, NVIDIA H100 NVL, 38285 MiB, 95830 MiB, [N/A]
2026/08/26 21:48:44.795, 0, NVIDIA H100 NVL, 38285 MiB, 95830 MiB, [N/A]
2026/08/26 21:48:54.796, 0, NVIDIA H100 NVL, 38285 MiB, 95830 MiB, [N/A]
2026/08/26 21:49:04.797, 0, NVIDIA H100 NVL, 38285 MiB, 95830 MiB, [N/A]
2026/08/26 21:49:14.799, 0, NVIDIA H100 NVL, 38285 MiB, 95830 MiB, [N/A]
2026/08/26 21:49:24.800, 0, NVIDIA H100 NVL, 38285 MiB, 95830 MiB, [N/A]
2026/08/26 21:49:34.802, 0, NVIDIA H100 NVL, 87 MiB, 95830 MiB, [N/A]
2026/08/26 21:49:49.346, 0, NVIDIA H100 NVL, 2483 MiB, 95830 MiB, [N/A]
2026/08/26 21:49:59.347, 0, NVIDIA H100 NVL, 14721 MiB, 95830 MiB, [N/A]
2026/08/26 21:50:09.349, 0, NVIDIA H100 NVL, 16487 MiB, 95830 MiB, [N/A]
2026/08/26 21:50:19.350, 0, NVIDIA H100 NVL, 16495 MiB, 95830 MiB, [N/A]
2026/08/26 21:50:29.352, 0, NVIDIA H100 NVL, 16495 MiB, 95830 MiB, [N/A]
2026/08/26 21:50:39.354, 0, NVIDIA H100 NVL, 16495 MiB, 95830 MiB, [N/A]
2026/08/26 21:50:49.355, 0, NVIDIA H100 NVL, 87 MiB, 95830 MiB, [N/A]
2026/08/26 21:50:59.921, 0, NVIDIA H100 NVL, 485 MiB, 95830 MiB, [N/A]
2026/08/26 21:51:09.922, 0, NVIDIA H100 NVL, 14729 MiB, 95830 MiB, [N/A]
2026/08/26 21:51:19.924, 0, NVIDIA H100 NVL, 16487 MiB, 95830 MiB, [N/A]
2026/08/26 21:51:29.925, 0, NVIDIA H100 NVL, 16493 MiB, 95830 MiB, [N/A]
2026/08/26 21:51:39.926, 0, NVIDIA H100 NVL, 16493 MiB, 95830 MiB, [N/A]
2026/08/26 21:51:49.928, 0, NVIDIA H100 NVL, 16493 MiB, 95830 MiB, [N/A]
2026/08/26 21:51:59.929, 0, NVIDIA H100 NVL, 16499 MiB, 95830 MiB, [N/A]
2026/08/26 21:52:09.931, 0, NVIDIA H100 NVL, 16499 MiB, 95830 MiB, [N/A]
2026/08/26 21:52:19.933, 0, NVIDIA H100 NVL, 16499 MiB, 95830 MiB, [N/A]
2026/08/26 21:52:29.934, 0, NVIDIA H100 NVL, 16499 MiB, 95830 MiB, [N/A]
2026/08/26 21:52:39.936, 0, NVIDIA H100 NVL, 16499 MiB, 95830 MiB, [N/A]
2026/08/26 21:52:49.937, 0, NVIDIA H100 NVL, 16499 MiB, 95830 MiB, [N/A]
2026/08/26 21:52:59.939, 0, NVIDIA H100 NVL, 16499 MiB, 95830 MiB, [N/A]
2026/08/26 21:53:09.940, 0, NVIDIA H100 NVL, 16499 MiB, 95830 MiB, [N/A]
2026/08/26 21:53:19.942, 0, NVIDIA H100 NVL, 16499 MiB, 95830 MiB, [N/A]
2026/08/26 21:53:29.944, 0, NVIDIA H100 NVL, 16499 MiB, 95830 MiB, [N/A]
2026/08/26 21:53:39.945, 0, NVIDIA H100 NVL, 16499 MiB, 95830 MiB, [N/A]
2026/08/26 21:53:49.947, 0, NVIDIA H100 NVL, 16499 MiB, 95830 MiB, [N/A]
2026/08/26 21:53:59.948, 0, NVIDIA H100 NVL, 16499 MiB, 95830 MiB, [N/A]
2026/08/26 21:54:09.950, 0, NVIDIA H100 NVL, 16499 MiB, 95830 MiB, [N/A]
2026/08/26 21:54:19.951, 0, NVIDIA H100 NVL, 16501 MiB, 95830 MiB, [N/A]
2026/08/26 21:54:29.953, 0, NVIDIA H100 NVL, 16501 MiB, 95830 MiB, [N/A]
2026/08/26 21:54:39.955, 0, NVIDIA H100 NVL, 16501 MiB, 95830 MiB, [N/A]
2026/08/26 21:54:49.956, 0, NVIDIA H100 NVL, 16501 MiB, 95830 MiB, [N/A]
2026/08/26 21:54:59.958, 0, NVIDIA H100 NVL, 16501 MiB, 95830 MiB, [N/A]
2026/08/26 21:55:09.960, 0, NVIDIA H100 NVL, 16501 MiB, 95830 MiB, [N/A]
2026/08/26 21:55:19.961, 0, NVIDIA H100 NVL, 16501 MiB, 95830 MiB, [N/A]
2026/08/26 21:55:29.963, 0, NVIDIA H100 NVL, 16501 MiB, 95830 MiB, [N/A]
2026/08/26 21:55:39.964, 0, NVIDIA H100 NVL, 16501 MiB, 95830 MiB, [N/A]
2026/08/26 21:55:49.966, 0, NVIDIA H100 NVL, 16501 MiB, 95830 MiB, [N/A]
2026/08/26 21:55:59.967, 0, NVIDIA H100 NVL, 16501 MiB, 95830 MiB, [N/A]
2026/08/26 21:56:09.969, 0, NVIDIA H100 NVL, 16501 MiB, 95830 MiB, [N/A]
2026/08/26 21:56:19.970, 0, NVIDIA H100 NVL, 16501 MiB, 95830 MiB, [N/A]
2026/08/26 21:56:29.972, 0, NVIDIA H100 NVL, 16501 MiB, 95830 MiB, [N/A]
2026/08/26 21:56:39.973, 0, NVIDIA H100 NVL, 16501 MiB, 95830 MiB, [N/A]
2026/08/26 21:56:49.975, 0, NVIDIA H100 NVL, 35220 MiB, 95830 MiB, [N/A]
2026/08/26 21:56:59.977, 0, NVIDIA H100 NVL, 35220 MiB, 95830 MiB, [N/A]
2026/08/26 21:57:09.978, 0, NVIDIA H100 NVL, 35220 MiB, 95830 MiB, [N/A]
2026/08/26 21:57:19.980, 0, NVIDIA H100 NVL, 37418 MiB, 95830 MiB, [N/A]
2026/08/26 21:57:29.981, 0, NVIDIA H100 NVL, 59138 MiB, 95830 MiB, [N/A]
2026/08/26 21:57:39.983, 0, NVIDIA H100 NVL, 59138 MiB, 95830 MiB, [N/A]
2026/08/26 21:57:49.984, 0, NVIDIA H100 NVL, 59138 MiB, 95830 MiB, [N/A]
2026/08/26 21:57:59.986, 0, NVIDIA H100 NVL, 59138 MiB, 95830 MiB, [N/A]
2026/08/26 21:58:09.987, 0, NVIDIA H100 NVL, 16501 MiB, 95830 MiB, [N/A]
2026/08/26 21:58:19.989, 0, NVIDIA H100 NVL, 16501 MiB, 95830 MiB, [N/A]
2026/08/26 21:58:29.991, 0, NVIDIA H100 NVL, 16501 MiB, 95830 MiB, [N/A]
2026/08/26 21:58:39.992, 0, NVIDIA H100 NVL, 16501 MiB, 95830 MiB, [N/A]
2026/08/26 21:58:49.994, 0, NVIDIA H100 NVL, 16501 MiB, 95830 MiB, [N/A]
2026/08/26 21:58:59.995, 0, NVIDIA H100 NVL, 16501 MiB, 95830 MiB, [N/A]
2026/08/26 21:59:09.996, 0, NVIDIA H100 NVL, 16501 MiB, 95830 MiB, [N/A]
2026/08/26 21:59:19.997, 0, NVIDIA H100 NVL, 16501 MiB, 95830 MiB, [N/A]
2026/08/26 21:59:29.998, 0, NVIDIA H100 NVL, 16501 MiB, 95830 MiB, [N/A]
2026/08/26 21:59:39.999, 0, NVIDIA H100 NVL, 16501 MiB, 95830 MiB, [N/A]
2026/08/26 21:59:50.000, 0, NVIDIA H100 NVL, 16501 MiB, 95830 MiB, [N/A]
2026/08/26 22:00:00.002, 0, NVIDIA H100 NVL, 16501 MiB, 95830 MiB, [N/A]
2026/08/26 22:00:10.004, 0, NVIDIA H100 NVL, 16501 MiB, 95830 MiB, [N/A]
2026/08/26 22:00:20.005, 0, NVIDIA H100 NVL, 26886 MiB, 95830 MiB, [N/A]
2026/08/26 22:00:30.007, 0, NVIDIA H100 NVL, 26886 MiB, 95830 MiB, [N/A]
2026/08/26 22:00:40.008, 0, NVIDIA H100 NVL, 26648 MiB, 95830 MiB, [N/A]
2026/08/26 22:00:50.010, 0, NVIDIA H100 NVL, 59242 MiB, 95830 MiB, [N/A]
2026/08/26 22:01:00.011, 0, NVIDIA H100 NVL, 42831 MiB, 95830 MiB, [N/A]
2026/08/26 22:01:10.012, 0, NVIDIA H100 NVL, 45224 MiB, 95830 MiB, [N/A]
2026/08/26 22:01:20.014, 0, NVIDIA H100 NVL, 57470 MiB, 95830 MiB, [N/A]
2026/08/26 22:01:30.015, 0, NVIDIA H100 NVL, 59212 MiB, 95830 MiB, [N/A]
2026/08/26 22:01:40.017, 0, NVIDIA H100 NVL, 59212 MiB, 95830 MiB, [N/A]
2026/08/26 22:01:50.018, 0, NVIDIA H100 NVL, 59216 MiB, 95830 MiB, [N/A]
2026/08/26 22:02:00.019, 0, NVIDIA H100 NVL, 59216 MiB, 95830 MiB, [N/A]
2026/08/26 22:02:10.021, 0, NVIDIA H100 NVL, 59218 MiB, 95830 MiB, [N/A]
2026/08/26 22:02:20.022, 0, NVIDIA H100 NVL, 59218 MiB, 95830 MiB, [N/A]
2026/08/26 22:02:30.024, 0, NVIDIA H100 NVL, 59218 MiB, 95830 MiB, [N/A]
2026/08/26 22:02:40.025, 0, NVIDIA H100 NVL, 16477 MiB, 95830 MiB, [N/A]
2026/08/26 22:02:50.027, 0, NVIDIA H100 NVL, 16477 MiB, 95830 MiB, [N/A]
2026/08/26 22:03:00.028, 0, NVIDIA H100 NVL, 16477 MiB, 95830 MiB, [N/A]
2026/08/26 22:03:10.028, 0, NVIDIA H100 NVL, 16477 MiB, 95830 MiB, [N/A]
2026/08/26 22:03:20.030, 0, NVIDIA H100 NVL, 16477 MiB, 95830 MiB, [N/A]
2026/08/26 22:03:30.031, 0, NVIDIA H100 NVL, 16477 MiB, 95830 MiB, [N/A]
2026/08/26 22:03:40.032, 0, NVIDIA H100 NVL, 16477 MiB, 95830 MiB, [N/A]
2026/08/26 22:03:50.034, 0, NVIDIA H100 NVL, 16477 MiB, 95830 MiB, [N/A]
2026/08/26 22:04:00.035, 0, NVIDIA H100 NVL, 16477 MiB, 95830 MiB, [N/A]
2026/08/26 22:04:10.037, 0, NVIDIA H100 NVL, 16477 MiB, 95830 MiB, [N/A]
2026/08/26 22:04:20.038, 0, NVIDIA H100 NVL, 16477 MiB, 95830 MiB, [N/A]
2026/08/26 22:04:30.040, 0, NVIDIA H100 NVL, 16477 MiB, 95830 MiB, [N/A]
2026/08/26 22:04:40.042, 0, NVIDIA H100 NVL, 16477 MiB, 95830 MiB, [N/A]
2026/08/26 22:04:50.043, 0, NVIDIA H100 NVL, 16477 MiB, 95830 MiB, [N/A]
2026/08/26 22:05:00.045, 0, NVIDIA H100 NVL, 16477 MiB, 95830 MiB, [N/A]
2026/08/26 22:05:10.046, 0, NVIDIA H100 NVL, 16477 MiB, 95830 MiB, [N/A]
2026/08/26 22:05:20.048, 0, NVIDIA H100 NVL, 16477 MiB, 95830 MiB, [N/A]
2026/08/26 22:05:30.049, 0, NVIDIA H100 NVL, 16477 MiB, 95830 MiB, [N/A]
2026/08/26 22:05:40.051, 0, NVIDIA H100 NVL, 16477 MiB, 95830 MiB, [N/A]
2026/08/26 22:05:50.052, 0, NVIDIA H100 NVL, 16477 MiB, 95830 MiB, [N/A]
2026/08/26 22:06:00.053, 0, NVIDIA H100 NVL, 16477 MiB, 95830 MiB, [N/A]
2026/08/26 22:06:10.055, 0, NVIDIA H100 NVL, 16477 MiB, 95830 MiB, [N/A]
2026/08/26 22:06:20.057, 0, NVIDIA H100 NVL, 16477 MiB, 95830 MiB, [N/A]
2026/08/26 22:06:30.058, 0, NVIDIA H100 NVL, 16477 MiB, 95830 MiB, [N/A]
2026/08/26 22:06:40.060, 0, NVIDIA H100 NVL, 16477 MiB, 95830 MiB, [N/A]
2026/08/26 22:06:50.061, 0, NVIDIA H100 NVL, 16477 MiB, 95830 MiB, [N/A]
2026/08/26 22:07:00.063, 0, NVIDIA H100 NVL, 16477 MiB, 95830 MiB, [N/A]
2026/08/26 22:07:10.064, 0, NVIDIA H100 NVL, 16477 MiB, 95830 MiB, [N/A]
2026/08/26 22:07:20.066, 0, NVIDIA H100 NVL, 16477 MiB, 95830 MiB, [N/A]
2026/08/26 22:07:30.067, 0, NVIDIA H100 NVL, 16477 MiB, 95830 MiB, [N/A]
2026/08/26 22:07:40.069, 0, NVIDIA H100 NVL, 16477 MiB, 95830 MiB, [N/A]
2026/08/26 22:07:50.071, 0, NVIDIA H100 NVL, 16477 MiB, 95830 MiB, [N/A]
2026/08/26 22:08:00.072, 0, NVIDIA H100 NVL, 16477 MiB, 95830 MiB, [N/A]
2026/08/26 22:08:10.074, 0, NVIDIA H100 NVL, 87 MiB, 95830 MiB, [N/A]
2026/08/26 22:08:20.075, 0, NVIDIA H100 NVL, 2483 MiB, 95830 MiB, [N/A]
2026/08/26 22:08:30.076, 0, NVIDIA H100 NVL, 14733 MiB, 95830 MiB, [N/A]
2026/08/26 22:08:40.078, 0, NVIDIA H100 NVL, 16485 MiB, 95830 MiB, [N/A]
2026/08/26 22:08:50.079, 0, NVIDIA H100 NVL, 16485 MiB, 95830 MiB, [N/A]
2026/08/26 22:09:00.081, 0, NVIDIA H100 NVL, 16485 MiB, 95830 MiB, [N/A]
2026/08/26 22:09:10.082, 0, NVIDIA H100 NVL, 16485 MiB, 95830 MiB, [N/A]
2026/08/26 22:09:20.084, 0, NVIDIA H100 NVL, 16485 MiB, 95830 MiB, [N/A]
2026/08/26 22:09:30.086, 0, NVIDIA H100 NVL, 16489 MiB, 95830 MiB, [N/A]
2026/08/26 22:09:40.087, 0, NVIDIA H100 NVL, 16491 MiB, 95830 MiB, [N/A]
2026/08/26 22:09:50.089, 0, NVIDIA H100 NVL, 16491 MiB, 95830 MiB, [N/A]
2026/08/26 22:10:00.091, 0, NVIDIA H100 NVL, 16491 MiB, 95830 MiB, [N/A]
2026/08/26 22:10:10.092, 0, NVIDIA H100 NVL, 16491 MiB, 95830 MiB, [N/A]
2026/08/26 22:10:20.094, 0, NVIDIA H100 NVL, 16491 MiB, 95830 MiB, [N/A]
2026/08/26 22:10:30.095, 0, NVIDIA H100 NVL, 16491 MiB, 95830 MiB, [N/A]
2026/08/26 22:10:40.097, 0, NVIDIA H100 NVL, 16491 MiB, 95830 MiB, [N/A]
2026/08/26 22:10:50.099, 0, NVIDIA H100 NVL, 16491 MiB, 95830 MiB, [N/A]
2026/08/26 22:11:00.100, 0, NVIDIA H100 NVL, 16491 MiB, 95830 MiB, [N/A]
2026/08/26 22:11:10.102, 0, NVIDIA H100 NVL, 16491 MiB, 95830 MiB, [N/A]
2026/08/26 22:11:20.103, 0, NVIDIA H100 NVL, 16491 MiB, 95830 MiB, [N/A]
2026/08/26 22:11:30.105, 0, NVIDIA H100 NVL, 16491 MiB, 95830 MiB, [N/A]
2026/08/26 22:11:40.106, 0, NVIDIA H100 NVL, 16491 MiB, 95830 MiB, [N/A]
2026/08/26 22:11:50.108, 0, NVIDIA H100 NVL, 16491 MiB, 95830 MiB, [N/A]
2026/08/26 22:12:00.109, 0, NVIDIA H100 NVL, 16491 MiB, 95830 MiB, [N/A]
2026/08/26 22:12:10.111, 0, NVIDIA H100 NVL, 16491 MiB, 95830 MiB, [N/A]
2026/08/26 22:12:20.112, 0, NVIDIA H100 NVL, 16491 MiB, 95830 MiB, [N/A]
2026/08/26 22:12:30.114, 0, NVIDIA H100 NVL, 16491 MiB, 95830 MiB, [N/A]
2026/08/26 22:12:40.115, 0, NVIDIA H100 NVL, 16491 MiB, 95830 MiB, [N/A]
2026/08/26 22:12:50.117, 0, NVIDIA H100 NVL, 16491 MiB, 95830 MiB, [N/A]
2026/08/26 22:13:00.118, 0, NVIDIA H100 NVL, 16491 MiB, 95830 MiB, [N/A]
2026/08/26 22:13:10.120, 0, NVIDIA H100 NVL, 16491 MiB, 95830 MiB, [N/A]
2026/08/26 22:13:20.121, 0, NVIDIA H100 NVL, 16491 MiB, 95830 MiB, [N/A]
2026/08/26 22:13:30.123, 0, NVIDIA H100 NVL, 16491 MiB, 95830 MiB, [N/A]
2026/08/26 22:13:40.124, 0, NVIDIA H100 NVL, 16491 MiB, 95830 MiB, [N/A]
2026/08/26 22:13:50.126, 0, NVIDIA H100 NVL, 16491 MiB, 95830 MiB, [N/A]
2026/08/26 22:14:00.128, 0, NVIDIA H100 NVL, 16491 MiB, 95830 MiB, [N/A]
2026/08/26 22:14:10.128, 0, NVIDIA H100 NVL, 16491 MiB, 95830 MiB, [N/A]
2026/08/26 22:14:20.130, 0, NVIDIA H100 NVL, 16491 MiB, 95830 MiB, [N/A]
2026/08/26 22:14:30.131, 0, NVIDIA H100 NVL, 16491 MiB, 95830 MiB, [N/A]
2026/08/26 22:14:40.133, 0, NVIDIA H100 NVL, 16491 MiB, 95830 MiB, [N/A]
2026/08/26 22:14:50.134, 0, NVIDIA H100 NVL, 16491 MiB, 95830 MiB, [N/A]
2026/08/26 22:15:00.136, 0, NVIDIA H100 NVL, 16491 MiB, 95830 MiB, [N/A]
2026/08/26 22:15:10.137, 0, NVIDIA H100 NVL, 16491 MiB, 95830 MiB, [N/A]
2026/08/26 22:15:20.139, 0, NVIDIA H100 NVL, 16491 MiB, 95830 MiB, [N/A]
2026/08/26 22:15:30.140, 0, NVIDIA H100 NVL, 16491 MiB, 95830 MiB, [N/A]
2026/08/26 22:15:40.142, 0, NVIDIA H100 NVL, 16491 MiB, 95830 MiB, [N/A]
2026/08/26 22:15:50.143, 0, NVIDIA H100 NVL, 16491 MiB, 95830 MiB, [N/A]
2026/08/26 22:16:00.145, 0, NVIDIA H100 NVL, 16491 MiB, 95830 MiB, [N/A]
2026/08/26 22:16:10.146, 0, NVIDIA H100 NVL, 16491 MiB, 95830 MiB, [N/A]
